,Date,Year,Country,Activity,Sex,Age,Fatal (Y/N),Time,Age2
0,Jun,2018,USA,Surfing,M,48,N,07,48
1,Dec,2017,USA,Surfing,F,54,N,18,54
2,Dec,2017,USA,Surfing,F,35,N,12,35
3,Nov,2017,USA,Surfing,F,14,N,UNKNOWN,14
4,Oct,2017,USA,Surfing,M,54,N,18,54
5,Sep,2017,USA,Surfing,M,0,N,UNKNOWN,17
6,Sep,2017,USA,Surfing,M,33,UNKNOWN,15,33
7,Sep,2017,USA,Surfing,M,0,N,14,17
8,Sep,2017,USA,Surfing,M,0,N,UNKNOWN,17
9,Sep,2017,USA,Surfing,M,28,N,16,28
10,Sep,2017,USA,Surfing,M,18,N,18,18
11,Sep,2017,USA,Surfing,M,17,N,10,17
12,Jul,2017,USA,Surfing,M,0,N,18,17
13,Jun,2017,USA,Surfing,M,0,N,UNKNOWN,17
14,Jun,2017,USA,Surfing,M,19,N,10,19
15,May,2017,USA,Surfing,F,18,UNKNOWN,14,18
16,Apr,2017,USA,Surfing,F,33,N,11,33
17,Apr,2017,USA,Surfing,M,28,N,09,28
18,Apr,2017,USA,Surfing,M,17,N,13,17
19,Apr,2017,USA,Surfing,F,0,N,13,17
20,Apr,2017,USA,Surfing,F,35,N,16,35
21,Mar,2017,USA,Surfing,M,58,N,10,58
22,Dec,2016,USA,Surfing,M,16,N,17,16
23,Dec,2016,USA,Surfing,M,19,UNKNOWN,UNKNOWN,19
24,Oct,2016,USA,Surfing,M,41,N,UNKNOWN,41
25,Oct,2016,USA,Surfing,M,42,N,UNKNOWN,42
26,Oct,2016,USA,Surfing,M,36,N,17,36
27,Oct,2016,USA,Surfing,M,29,N,16,29
28,Oct,2016,USA,Surfing,M,21,N,11,21
29,Sep,2016,USA,Surfing,M,16,N,13,16
30,Sep,2016,USA,Surfing,M,36,N,11,36
31,Sep,2016,USA,Surfing,M,43,N,10,43
32,Sep,2016,USA,Surfing,M,43,N,UNKNOWN,43
33,Aug,2016,USA,Surfing,M,25,N,15,25
34,Aug,2016,USA,Surfing,M,37,N,14,37
35,Aug,2016,USA,Surfing,M,22,N,UNKNOWN,22
36,Jul,2016,USA,Surfing,F,9,N,13,9
37,Jun,2016,USA,Surfing,M,11,N,14,11
38,Jun,2016,USA,Surfing,M,0,N,06,17
39,Jun,2016,USA,Surfing,M,27,UNKNOWN,11,27
40,Apr,2016,USA,Surfing,M,15,N,17,15
41,Mar,2016,USA,Surfing,UNKNOWN,0,UNKNOWN,UNKNOWN,17
42,Jan,2016,USA,Surfing,M,0,N,14,17
43,Jan,2016,USA,Surfing,F,15,N,11,15
44,Nov,2015,USA,Surfing,M,0,N,UNKNOWN,17
45,Nov,2015,USA,Surfing,M,28,N,UNKNOWN,28
46,Nov,2015,USA,Surfing,F,9,UNKNOWN,11,9
47,Oct,2015,USA,Surfing,M,21,N,14,21
48,Oct,2015,USA,Surfing,M,21,N,13,21
49,Oct,2015,USA,Surfing,M,32,UNKNOWN,19,32
50,Oct,2015,USA,Surfing,M,25,N,10,25
51,Oct,2015,USA,Surfing,M,14,N,08,14
52,Sep,2015,USA,Surfing,M,22,N,16,22
53,Sep,2015,USA,Surfing,M,14,N,16,14
54,Sep,2015,USA,Surfing,M,20,N,15,20
55,Aug,2015,USA,Surfing,F,54,N,10,54
56,Aug,2015,USA,Surfing,M,21,N,10,21
57,Aug,2015,USA,Surfing,M,15,N,12,15
58,Jul,2015,USA,Surfing,M,25,N,19,25
59,Jul,2015,USA,Surfing,M,38,N,08,38
60,UNKNOWN,2015,USA,Surfing,M,18,N,10,18
61,Dec,2014,USA,Surfing,M,50,N,11,50
62,Nov,2014,USA,Surfing,M,44,N,13,44
63,Nov,2014,USA,Surfing,M,18,N,16,18
64,Oct,2014,USA,Surfing,F,34,N,11,34
65,Oct,2014,USA,Surfing,M,0,N,11,17
66,Oct,2014,USA,Surfing,M,29,N,11,29
67,Oct,2014,USA,Surfing,M,15,N,11,15
68,Oct,2014,USA,Surfing,M,28,N,17,28
69,Sep,2014,USA,Surfing,M,0,N,11,17
70,Sep,2014,USA,Surfing,M,0,UNKNOWN,18,17
71,Aug,2014,USA,Surfing,M,17,N,UNKNOWN,17
72,Aug,2014,USA,Surfing,M,29,N,UNKNOWN,29
73,Aug,2014,USA,Surfing,M,50,N,UNKNOWN,50
74,Jul,2014,USA,Surfing,M,14,N,14,14
75,Jul,2014,USA,Surfing,M,0,N,07,17
76,May,2014,USA,Surfing,M,12,N,UNKNOWN,12
77,May,2014,USA,Surfing,M,23,N,15,23
78,Apr,2014,USA,Surfing,M,0,N,13,17
79,Apr,2014,USA,Surfing,M,0,N,13,17
80,Mar,2014,USA,Surfing,M,9,N,UNKNOWN,9
81,Mar,2014,USA,Surfing,M,21,N,UNKNOWN,21
82,Dec,2013,USA,Surfing,M,30,N,14,30
83,Nov,2013,USA,Surfing,M,25,N,10,25
84,Nov,2013,USA,Surfing,M,0,N,UNKNOWN,17
85,Oct,2013,USA,Surfing,M,25,N,11,25
86,Oct,2013,USA,Surfing,M,45,N,08,45
87,Sep,2013,USA,Surfing,M,50,N,10,50
88,Sep,2013,USA,Surfing,M,0,N,UNKNOWN,17
89,Sep,2013,USA,Surfing,F,13,N,13,13
90,Sep,2013,USA,Surfing,M,43,N,16,43
91,Aug,2013,USA,Surfing,M,16,N,13,16
92,Aug,2013,USA,Surfing,F,0,N,12,17
93,Aug,2013,USA,Surfing,M,10,N,17,10
94,Jul,2013,USA,Surfing,M,18,N,14,18
95,Jun,2013,USA,Surfing,F,0,N,UNKNOWN,17
96,May,2013,USA,Surfing,M,42,UNKNOWN,UNKNOWN,42
97,May,2013,USA,Surfing,M,16,N,11,16
98,Apr,2013,USA,Surfing,M,21,N,13,21
99,Apr,2013,USA,Surfing,M,58,N,08,58
100,Feb,2013,USA,Surfing,UNKNOWN,0,N,18,17
101,Feb,2013,USA,Surfing,M,0,N,18,17
102,Feb,2013,USA,Surfing,M,16,N,14,16
103,Jan,2013,USA,Surfing,M,43,N,16,43
104,Dec,2012,USA,Surfing,M,60,N,13,60
105,Nov,2012,USA,Surfing,M,14,N,17,14
106,Nov,2012,USA,Surfing,M,43,N,08,43
107,Oct,2012,USA,Surfing,M,25,N,12,25
108,Oct,2012,USA,Surfing,M,39,Y,11,39
109,Oct,2012,USA,Surfing,M,24,N,10,24
110,Sep,2012,USA,Surfing,M,21,N,16,21
111,Sep,2012,USA,Surfing,M,22,N,UNKNOWN,22
112,Sep,2012,USA,Surfing,M,52,N,15,52
113,Sep,2012,USA,Surfing,UNKNOWN,19,N,14,19
114,Sep,2012,USA,Surfing,M,25,N,12,25
115,Sep,2012,USA,Surfing,M,30,N,UNKNOWN,30
116,Sep,2012,USA,Surfing,M,37,N,11,37
117,Sep,2012,USA,Surfing,M,32,N,07,32
118,Jul,2012,USA,Surfing,M,17,N,06,17
119,Jul,2012,USA,Surfing,M,44,N,16,44
120,Jun,2012,USA,Surfing,M,26,N,15,26
121,Jun,2012,USA,Surfing,F,12,N,UNKNOWN,12
122,May,2012,USA,Surfing,M,22,N,15,22
123,Apr,2012,USA,Surfing,M,28,N,19,28
124,Apr,2012,USA,Surfing,M,28,N,12,28
125,Mar,2012,USA,Surfing,M,21,N,14,21
126,Mar,2012,USA,Surfing,M,61,N,15,61
127,Mar,2012,USA,Surfing,F,15,N,16,15
128,Mar,2012,USA,Surfing,M,17,N,16,17
129,Jan,2012,USA,Surfing,M,53,N,UNKNOWN,53
130,Dec,2011,USA,Surfing,M,27,N,12,27
131,Dec,2011,USA,Surfing,F,0,N,09,17
132,Oct,2011,USA,Surfing,M,27,N,UNKNOWN,27
133,Oct,2011,USA,Surfing,M,41,N,UNKNOWN,41
134,Oct,2011,USA,Surfing,M,0,N,UNKNOWN,17
135,Oct,2011,USA,Surfing,M,0,N,UNKNOWN,17
136,Sep,2011,USA,Surfing,M,27,UNKNOWN,09,27
137,Sep,2011,USA,Surfing,M,25,N,11,25
138,Sep,2011,USA,Surfing,M,37,N,12,37
139,Sep,2011,USA,Surfing,UNKNOWN,0,N,13,17
140,Sep,2011,USA,Surfing,M,19,N,11,19
141,Aug,2011,USA,Surfing,M,19,N,11,19
142,Aug,2011,USA,Surfing,M,21,N,UNKNOWN,21
143,Jun,2011,USA,Surfing,M,0,N,13,17
144,May,2011,USA,Surfing,F,0,N,13,17
145,May,2011,USA,Surfing,M,37,N,06,37
146,Dec,2010,USA,Surfing,M,46,N,13,46
147,Oct,2010,USA,Surfing,M,0,N,15,17
148,Sep,2010,USA,Surfing,M,29,N,16,29
149,Sep,2010,USA,Surfing,M,18,N,16,18
150,Sep,2010,USA,Surfing,M,0,N,UNKNOWN,17
151,Sep,2010,USA,Surfing,M,24,N,12,24
152,Sep,2010,USA,Surfing,M,24,N,09,24
153,Aug,2010,USA,Surfing,M,25,N,15,25
154,Jul,2010,USA,Surfing,M,20,N,16,20
155,Jul,2010,USA,Surfing,M,55,N,UNKNOWN,55
156,Jul,2010,USA,Surfing,M,19,N,UNKNOWN,19
157,Jun,2010,USA,Surfing,M,20,N,UNKNOWN,20
158,Jun,2010,USA,Surfing,M,20,N,UNKNOWN,20
159,Apr,2010,USA,Surfing,M,68,N,16,68
160,Nov,2009,USA,Surfing,M,49,UNKNOWN,15,49
161,Nov,2009,USA,Surfing,M,22,N,09,22
162,Nov,2009,USA,Surfing,F,27,N,16,27
163,Nov,2009,USA,Surfing,M,18,N,UNKNOWN,18
164,Nov,2009,USA,Surfing,M,21,N,UNKNOWN,21
165,Oct,2009,USA,Surfing,M,0,N,17,17
166,Oct,2009,USA,Surfing,M,54,N,06,54
167,Oct,2009,USA,Surfing,M,0,N,11,17
168,Aug,2009,USA,Surfing,M,0,N,18,17
169,Aug,2009,USA,Surfing,M,0,N,08,17
170,Jun,2009,USA,Surfing,M,26,UNKNOWN,UNKNOWN,26
171,May,2009,USA,Surfing,M,31,N,09,31
172,May,2009,USA,Surfing,M,49,N,10,49
173,May,2009,USA,Surfing,M,55,N,10,55
174,Apr,2009,USA,Surfing,M,0,N,10,17
175,Apr,2009,USA,Surfing,M,20,N,UNKNOWN,20
176,Apr,2009,USA,Surfing,M,52,N,16,52
177,Apr,2009,USA,Surfing,M,31,N,13,31
178,Mar,2009,USA,Surfing,F,17,N,17,17
179,Sep,2008,USA,Surfing,M,44,N,11,44
180,Sep,2008,USA,Surfing,M,40,N,11,40
181,Sep,2008,USA,Surfing,M,40,N,16,40
182,Sep,2008,USA,Surfing,M,0,N,10,17
183,Sep,2008,USA,Surfing,M,43,N,12,43
184,Sep,2008,USA,Surfing,M,15,N,12,15
185,Sep,2008,USA,Surfing,M,52,N,10,52
186,Sep,2008,USA,Surfing,M,0,N,UNKNOWN,17
187,Aug,2008,USA,Surfing,M,19,N,12,19
188,Aug,2008,USA,Surfing,M,26,N,11,26
189,Aug,2008,USA,Surfing,F,20,UNKNOWN,18,20
190,Jul,2008,USA,Surfing,M,17,N,09,17
191,Jul,2008,USA,Surfing,M,15,N,14,15
192,Jul,2008,USA,Surfing,M,24,N,14,24
193,Jun,2008,USA,Surfing,M,29,N,UNKNOWN,29
194,May,2008,USA,Surfing,M,9,N,15,9
195,Apr,2008,USA,Surfing,M,18,N,11,18
196,Apr,2008,USA,Surfing,M,24,N,10,24
197,Apr,2008,USA,Surfing,M,21,N,09,21
198,Apr,2008,USA,Surfing,M,14,N,08,14
199,Apr,2008,USA,Surfing,M,30,N,15,30
200,Apr,2008,USA,Surfing,UNKNOWN,0,N,UNKNOWN,17
201,Mar,2008,USA,Surfing,M,52,N,18,52
202,Mar,2008,USA,Surfing,M,27,N,08,27
203,Feb,2008,USA,Surfing,M,25,N,17,25
204,Jan,2008,USA,Surfing,M,20,N,UNKNOWN,20
205,Dec,2007,USA,Surfing,M,52,N,UNKNOWN,52
206,Nov,2007,USA,Surfing,M,21,N,11,21
207,Nov,2007,USA,Surfing,M,42,N,09,42
208,Oct,2007,USA,Surfing,M,22,N,20,22
209,Oct,2007,USA,Surfing,M,16,N,08,16
210,Sep,2007,USA,Surfing,M,0,N,11,17
211,Sep,2007,USA,Surfing,F,0,N,08,17
212,Sep,2007,USA,Surfing,F,0,N,UNKNOWN,17
213,Sep,2007,USA,Surfing,M,23,N,18,23
214,Sep,2007,USA,Surfing,F,0,N,UNKNOWN,17
215,Aug,2007,USA,Surfing,M,24,N,10,24
216,Aug,2007,USA,Surfing,M,54,N,14,54
217,Aug,2007,USA,Surfing,M,27,N,UNKNOWN,27
218,Aug,2007,USA,Surfing,M,16,N,12,16
219,Jul,2007,USA,Surfing,M,51,N,UNKNOWN,51
220,Jul,2007,USA,Surfing,M,20,N,23,20
221,Jul,2007,USA,Surfing,M,18,N,16,18
222,Jun,2007,USA,Surfing,M,20,N,17,20
223,Jun,2007,USA,Surfing,M,0,N,07,17
224,Jun,2007,USA,Surfing,F,9,UNKNOWN,16,9
225,May,2007,USA,Surfing,F,21,N,16,21
226,Apr,2007,USA,Surfing,M,24,N,17,24
227,Mar,2007,USA,Surfing,M,27,N,14,27
228,Mar,2007,USA,Surfing,M,11,N,UNKNOWN,11
229,Mar,2007,USA,Surfing,M,29,N,13,29
230,Jan,2007,USA,Surfing,M,54,UNKNOWN,14,54
231,Jan,2007,USA,Surfing,M,24,N,10,24
232,Dec,2006,USA,Surfing,M,43,N,11,43
233,Oct,2006,USA,Surfing,M,22,N,UNKNOWN,22
234,Oct,2006,USA,Surfing,M,20,N,11,20
235,Oct,2006,USA,Surfing,M,0,N,UNKNOWN,17
236,Sep,2006,USA,Surfing,M,19,N,UNKNOWN,19
237,Sep,2006,USA,Surfing,M,16,N,UNKNOWN,16
238,Sep,2006,USA,Surfing,M,52,N,UNKNOWN,52
239,Aug,2006,USA,Surfing,M,23,N,UNKNOWN,23
240,Jul,2006,USA,Surfing,M,41,N,16,41
241,Jul,2006,USA,Surfing,M,15,N,UNKNOWN,15
242,Jul,2006,USA,Surfing,M,14,N,13,14
243,Jun,2006,USA,Surfing,F,22,N,13,22
244,Jun,2006,USA,Surfing,M,24,N,15,24
245,May,2006,USA,Surfing,M,31,N,16,31
246,Apr,2006,USA,Surfing,M,54,N,UNKNOWN,54
247,Mar,2006,USA,Surfing,F,28,N,11,28
248,Jan,2006,USA,Surfing,M,21,N,16,21
249,Dec,2005,USA,Surfing,M,30,N,12,30
250,Nov,2005,USA,Surfing,M,0,N,UNKNOWN,17
251,Nov,2005,USA,Surfing,M,23,N,13,23
252,Nov,2005,USA,Surfing,M,30,N,UNKNOWN,30
253,Nov,2005,USA,Surfing,M,17,N,14,17
254,Nov,2005,USA,Surfing,M,18,N,13,18
255,Nov,2005,USA,Surfing,M,25,N,16,25
256,Nov,2005,USA,Surfing,M,26,N,07,26
257,Oct,2005,USA,Surfing,M,36,N,11,36
258,Oct,2005,USA,Surfing,F,20,N,10,20
259,Oct,2005,USA,Surfing,M,22,N,18,22
260,Sep,2005,USA,Surfing,M,0,UNKNOWN,07,17
261,Sep,2005,USA,Surfing,M,18,Y,14,18
262,Aug,2005,USA,Surfing,M,37,N,11,37
263,Aug,2005,USA,Surfing,M,16,N,11,16
264,Jul,2005,USA,Surfing,M,61,N,11,61
265,Jul,2005,USA,Surfing,M,25,UNKNOWN,11,25
266,Jun,2005,USA,Surfing,M,17,UNKNOWN,11,17
267,May,2005,USA,Surfing,M,47,N,10,47
268,Apr,2005,USA,Surfing,M,52,UNKNOWN,UNKNOWN,52
269,Apr,2005,USA,Surfing,M,37,N,19,37
270,Feb,2005,USA,Surfing,M,0,N,14,17
271,Nov,2004,USA,Surfing,UNKNOWN,38,N,13,38
272,Oct,2004,USA,Surfing,M,0,N,09,17
273,Oct,2004,USA,Surfing,M,16,N,15,16
274,Oct,2004,USA,Surfing,M,40,N,14,40
275,Sep,2004,USA,Surfing,M,26,N,09,26
276,Aug,2004,USA,Surfing,M,0,N,17,17
277,Jul,2004,USA,Surfing,F,20,N,13,20
278,Jul,2004,USA,Surfing,F,28,N,17,28
279,Jun,2004,USA,Surfing,M,45,N,09,45
280,May,2004,USA,Surfing,M,44,N,11,44
281,Apr,2004,USA,Surfing,M,57,Y,07,57
282,Apr,2004,USA,Surfing,F,22,UNKNOWN,UNKNOWN,22
283,Mar,2004,USA,Surfing,M,20,N,09,20
284,Mar,2004,USA,Surfing,M,0,N,15,17
285,Mar,2004,USA,Surfing,M,51,N,07,51
286,Nov,2003,USA,Surfing,F,35,N,15,35
287,Nov,2003,USA,Surfing,M,24,N,UNKNOWN,24
288,Oct,2003,USA,Surfing,M,18,N,15,18
289,Oct,2003,USA,Surfing,F,13,N,07,13
290,Oct,2003,USA,Surfing,M,46,N,12,46
291,Oct,2003,USA,Surfing,M,19,N,UNKNOWN,19
292,Oct,2003,USA,Surfing,F,0,N,15,17
293,Oct,2003,USA,Surfing,M,18,N,14,18
294,Oct,2003,USA,Surfing,M,30,N,14,30
295,Sep,2003,USA,Surfing,M,16,N,07,16
296,Sep,2003,USA,Surfing,M,21,N,11,21
297,Sep,2003,USA,Surfing,M,19,N,16,19
298,Sep,2003,USA,Surfing,M,17,N,14,17
299,Sep,2003,USA,Surfing,M,30,N,16,30
300,Jul,2003,USA,Surfing,M,18,N,15,18
301,Jul,2003,USA,Surfing,M,21,N,UNKNOWN,21
302,Jun,2003,USA,Surfing,M,17,N,13,17
303,Jun,2003,USA,Surfing,M,15,N,UNKNOWN,15
304,Jun,2003,USA,Surfing,UNKNOWN,15,N,11,15
305,May,2003,USA,Surfing,M,18,N,10,18
306,May,2003,USA,Surfing,M,34,N,11,34
307,Apr,2003,USA,Surfing,M,36,N,14,36
308,Apr,2003,USA,Surfing,M,17,N,13,17
309,Apr,2003,USA,Surfing,M,30,N,UNKNOWN,30
310,Apr,2003,USA,Surfing,M,23,N,09,23
311,Apr,2003,USA,Surfing,M,18,N,14,18
312,Apr,2003,USA,Surfing,M,12,N,08,12
313,Apr,2003,USA,Surfing,M,0,N,UNKNOWN,17
314,Apr,2003,USA,Surfing,M,50,N,08,50
315,Nov,2002,USA,Surfing,M,21,N,13,21
316,Oct,2002,USA,Surfing,M,21,N,UNKNOWN,21
317,Oct,2002,USA,Surfing,M,14,N,12,14
318,Oct,2002,USA,Surfing,M,35,N,13,35
319,Oct,2002,USA,Surfing,M,18,N,14,18
320,Sep,2002,USA,Surfing,M,47,N,16,47
321,Sep,2002,USA,Surfing,M,32,N,07,32
322,Sep,2002,USA,Surfing,M,35,N,UNKNOWN,35
323,Aug,2002,USA,Surfing,M,16,N,15,16
324,Aug,2002,USA,Surfing,M,27,N,14,27
325,Aug,2002,USA,Surfing,M,15,N,15,15
326,Jul,2002,USA,Surfing,M,13,N,19,13
327,Jul,2002,USA,Surfing,M,19,N,18,19
328,Jun,2002,USA,Surfing,M,28,N,13,28
329,Jun,2002,USA,Surfing,M,50,N,10,50
330,May,2002,USA,Surfing,M,24,N,14,24
331,Apr,2002,USA,Surfing,M,28,N,11,28
332,Mar,2002,USA,Surfing,M,31,N,10,31
333,Nov,2001,USA,Surfing,UNKNOWN,0,N,17,17
334,Sep,2001,USA,Surfing,M,14,N,15,14
335,Sep,2001,USA,Surfing,M,16,N,13,16
336,Aug,2001,USA,Surfing,M,17,N,16,17
337,Aug,2001,USA,Surfing,M,27,N,16,27
338,Aug,2001,USA,Surfing,M,32,N,13,32
339,Aug,2001,USA,Surfing,F,17,N,13,17
340,Aug,2001,USA,Surfing,F,17,N,11,17
341,Aug,2001,USA,Surfing,M,20,N,12,20
342,Aug,2001,USA,Surfing,M,19,N,12,19
343,Aug,2001,USA,Surfing,M,19,N,10,19
344,Jul,2001,USA,Surfing,M,48,N,14,48
345,May,2001,USA,Surfing,M,45,N,19,45
346,Apr,2001,USA,Surfing,M,16,N,11,16
347,Apr,2001,USA,Surfing,M,12,N,10,12
348,Apr,2001,USA,Surfing,M,38,N,16,38
349,Apr,2001,USA,Surfing,M,21,N,16,21
350,Apr,2001,USA,Surfing,M,22,N,11,22
351,Apr,2001,USA,Surfing,M,19,N,UNKNOWN,19
352,Apr,2001,USA,Surfing,M,22,N,12,22
353,Apr,2001,USA,Surfing,M,0,N,07,17
354,Apr,2001,USA,Surfing,UNKNOWN,16,N,UNKNOWN,16
355,Mar,2001,USA,Surfing,M,0,N,UNKNOWN,17
356,Jan,2001,USA,Surfing,M,0,N,UNKNOWN,17
357,Nov,2000,USA,Surfing,M,27,N,16,27
358,Oct,2000,USA,Surfing,M,23,N,18,23
359,Oct,2000,USA,Surfing,M,17,N,UNKNOWN,17
360,Oct,2000,USA,Surfing,M,23,N,14,23
361,Oct,2000,USA,Surfing,M,24,N,16,24
362,Sep,2000,USA,Surfing,F,26,N,12,26
363,Jul,2000,USA,Surfing,M,16,N,UNKNOWN,16
364,Jul,2000,USA,Surfing,M,14,N,UNKNOWN,14
365,Jun,2000,USA,Surfing,M,17,N,16,17
366,Mar,2000,USA,Surfing,M,37,N,14,37
367,Dec,1999,USA,Surfing,M,35,N,12,35
368,Nov,1999,USA,Surfing,M,19,N,15,19
369,Oct,1999,USA,Surfing,M,0,N,UNKNOWN,17
370,Sep,1999,USA,Surfing,M,13,N,UNKNOWN,13
371,Aug,1999,USA,Surfing,M,28,N,14,28
372,Aug,1999,USA,Surfing,M,0,N,UNKNOWN,17
373,Aug,1999,USA,Surfing,M,17,N,18,17
374,Jul,1999,USA,Surfing,M,43,N,10,43
375,Jun,1999,USA,Surfing,M,21,N,09,21
376,Apr,1999,USA,Surfing,M,14,N,UNKNOWN,14
377,Feb,1999,USA,Surfing,M,25,N,15,25
378,Dec,1998,USA,Surfing,M,19,N,08,19
379,Nov,1998,USA,Surfing,M,14,N,08,14
380,Nov,1998,USA,Surfing,M,32,N,UNKNOWN,32
381,Oct,1998,USA,Surfing,M,0,N,UNKNOWN,17
382,Sep,1998,USA,Surfing,M,6,N,UNKNOWN,6
383,Sep,1998,USA,Surfing,M,18,N,15,18
384,Sep,1998,USA,Surfing,M,28,N,UNKNOWN,28
385,Aug,1998,USA,Surfing,M,26,N,20,26
386,Jul,1998,USA,Surfing,M,13,N,UNKNOWN,13
387,Jun,1998,USA,Surfing,M,18,N,18,18
388,May,1998,USA,Surfing,M,40,N,11,40
389,Oct,1997,USA,Surfing,M,23,N,17,23
390,Oct,1997,USA,Surfing,M,12,N,18,12
391,Sep,1997,USA,Surfing,M,12,N,17,12
392,Sep,1997,USA,Surfing,UNKNOWN,17,N,UNKNOWN,17
393,Sep,1997,USA,Surfing,M,20,N,15,20
394,Aug,1997,USA,Surfing,M,18,N,13,18
395,Aug,1997,USA,Surfing,M,0,N,17,17
396,Jun,1997,USA,Surfing,M,18,N,18,18
397,May,1997,USA,Surfing,M,34,N,11,34
398,May,1997,USA,Surfing,M,12,N,11,12
399,Nov,1996,USA,Surfing,M,45,N,08,45
400,Nov,1996,USA,Surfing,M,26,N,17,26
401,Oct,1996,USA,Surfing,M,22,N,13,22
402,Oct,1996,USA,Surfing,M,21,N,08,21
403,Oct,1996,USA,Surfing,M,31,N,07,31
404,May,1996,USA,Surfing,M,22,N,13,22
405,May,1996,USA,Surfing,M,27,N,11,27
406,UNKNOWN,1996,USA,Surfing,M,0,N,UNKNOWN,17
407,Oct,1995,USA,Surfing,M,17,N,UNKNOWN,17
408,Oct,1995,USA,Surfing,M,39,N,11,39
409,Sep,1995,USA,Surfing,M,14,N,UNKNOWN,14
410,Sep,1995,USA,Surfing,M,17,N,UNKNOWN,17
411,Sep,1995,USA,Surfing,M,19,N,UNKNOWN,19
412,Aug,1995,USA,Surfing,M,19,N,UNKNOWN,19
413,Aug,1995,USA,Surfing,M,16,N,18,16
414,Aug,1995,USA,Surfing,M,18,N,14,18
415,Aug,1995,USA,Surfing,M,19,N,19,19
416,Aug,1995,USA,Surfing,M,20,N,13,20
417,Jul,1995,USA,Surfing,M,0,N,16,17
418,Jul,1995,USA,Surfing,M,0,N,14,17
419,Jul,1995,USA,Surfing,M,18,N,14,18
420,Jul,1995,USA,Surfing,M,34,N,UNKNOWN,34
421,Jun,1995,USA,Surfing,M,0,N,UNKNOWN,17
422,May,1995,USA,Surfing,M,15,N,UNKNOWN,15
423,Nov,1994,USA,Surfing,UNKNOWN,0,N,16,17
424,Oct,1994,USA,Surfing,M,16,N,12,16
425,Sep,1994,USA,Surfing,M,43,N,16,43
426,Jul,1994,USA,Surfing,M,15,N,15,15
427,May,1994,USA,Surfing,M,24,N,10,24
428,May,1994,USA,Surfing,M,28,N,08,28
429,May,1994,USA,Surfing,M,22,N,08,22
430,Feb,1994,USA,Surfing,M,23,N,13,23
431,Jan,1994,USA,Surfing,M,0,Y,UNKNOWN,17
432,UNKNOWN,1994,USA,Surfing,M,0,N,UNKNOWN,17
433,Dec,1993,USA,Surfing,M,0,Y,UNKNOWN,17
434,Oct,1993,USA,Surfing,M,26,N,16,26
435,Oct,1993,USA,Surfing,UNKNOWN,0,N,UNKNOWN,17
436,Aug,1993,USA,Surfing,UNKNOWN,13,N,UNKNOWN,13
437,Jan,1993,USA,Surfing,M,29,N,16,29
438,Nov,1992,USA,Surfing,M,19,N,07,19
439,Nov,1992,USA,Surfing,M,24,N,13,24
440,Nov,1992,USA,Surfing,M,17,N,14,17
441,Oct,1992,USA,Surfing,M,28,N,07,28
442,Sep,1992,USA,Surfing,M,20,N,17,20
443,Aug,1992,USA,Surfing,M,22,N,17,22
444,Oct,1991,USA,Surfing,M,21,N,08,21
445,Oct,1991,USA,Surfing,M,32,N,07,32
446,Jul,1991,USA,Surfing,M,32,N,09,32
447,Jun,1991,USA,Surfing,M,18,N,17,18
448,Feb,1991,USA,Surfing,M,38,N,09,38
449,Nov,1990,USA,Surfing,M,24,N,09,24
450,Oct,1990,USA,Surfing,M,50,N,16,50
451,Oct,1990,USA,Surfing,M,18,N,15,18
452,Oct,1990,USA,Surfing,M,25,N,16,25
453,Oct,1990,USA,Surfing,M,43,N,15,43
454,Oct,1990,USA,Surfing,M,19,N,12,19
455,Aug,1990,USA,Surfing,M,22,N,16,22
456,Aug,1990,USA,Surfing,M,0,N,UNKNOWN,17
457,Jul,1990,USA,Surfing,M,17,N,UNKNOWN,17
458,UNKNOWN,1990,USA,Surfing,M,17,UNKNOWN,UNKNOWN,17
459,Oct,1989,USA,Surfing,M,12,N,UNKNOWN,12
460,Sep,1989,USA,Surfing,M,31,N,UNKNOWN,31
461,Jul,1989,USA,Surfing,M,16,N,UNKNOWN,16
462,Oct,1988,USA,Surfing,M,15,N,UNKNOWN,15
463,Oct,1988,USA,Surfing,M,30,N,UNKNOWN,30
464,Oct,1988,USA,Surfing,M,23,N,18,23
465,Sep,1988,USA,Surfing,M,21,N,UNKNOWN,21
466,Aug,1988,USA,Surfing,M,27,N,09,27
467,Jun,1988,USA,Surfing,M,25,N,08,25
468,May,1988,USA,Surfing,M,31,N,18,31
469,Apr,1988,USA,Surfing,M,0,N,UNKNOWN,17
470,Apr,1988,USA,Surfing,M,14,N,UNKNOWN,14
471,Dec,1987,USA,Surfing,M,16,N,13,16
472,Nov,1987,USA,Surfing,M,15,N,UNKNOWN,15
473,Oct,1987,USA,Surfing,M,20,N,17,20
474,Jul,1987,USA,Surfing,M,27,N,09,27
475,May,1987,USA,Surfing,M,0,N,UNKNOWN,17
476,Dec,1986,USA,Surfing,M,40,N,14,40
477,Nov,1986,USA,Surfing,M,17,N,10,17
478,Nov,1986,USA,Surfing,M,26,N,10,26
479,Nov,1986,USA,Surfing,M,23,N,UNKNOWN,23
480,Oct,1986,USA,Surfing,M,28,N,UNKNOWN,28
481,Sep,1986,USA,Surfing,UNKNOWN,0,N,UNKNOWN,17
482,Sep,1986,USA,Surfing,UNKNOWN,18,N,UNKNOWN,18
483,Aug,1986,USA,Surfing,UNKNOWN,16,N,UNKNOWN,16
484,Jan,1986,USA,Surfing,M,22,N,08,22
485,UNKNOWN,1986,USA,Surfing,M,16,N,13,16
486,Jul,1985,USA,Surfing,M,15,N,10,15
487,Mar,1985,USA,Surfing,M,25,N,UNKNOWN,25
488,Feb,1985,USA,Surfing,M,16,N,UNKNOWN,16
489,Nov,1984,USA,Surfing,M,13,N,UNKNOWN,13
490,Oct,1984,USA,Surfing,M,15,N,15,15
491,Sep,1984,USA,Surfing,M,17,N,14,17
492,Sep,1984,USA,Surfing,M,16,N,UNKNOWN,16
493,UNKNOWN,1984,USA,Surfing,M,0,N,UNKNOWN,17
494,Dec,1983,USA,Surfing,M,17,N,15,17
495,Nov,1983,USA,Surfing,M,15,N,UNKNOWN,15
496,Oct,1983,USA,Surfing,M,16,N,UNKNOWN,16
497,Aug,1983,USA,Surfing,M,0,N,10,17
498,May,1983,USA,Surfing,M,15,N,UNKNOWN,15
499,May,1983,USA,Surfing,M,22,N,14,22
500,Apr,1983,USA,Surfing,M,0,UNKNOWN,UNKNOWN,17
501,Apr,1983,USA,Surfing,M,16,N,11,16
502,Mar,1983,USA,Surfing,M,0,N,UNKNOWN,17
503,Sep,1982,USA,Surfing,M,20,N,13,20
504,Aug,1982,USA,Surfing,M,17,UNKNOWN,10,17
505,Mar,1982,USA,Surfing,M,16,N,14,16
506,Feb,1982,USA,Surfing,M,18,N,UNKNOWN,18
507,Dec,1981,USA,Surfing,M,24,Y,UNKNOWN,24
508,Oct,1981,USA,Surfing,M,0,UNKNOWN,09,17
509,Oct,1981,USA,Surfing,M,17,N,UNKNOWN,17
510,Oct,1981,USA,Surfing,M,24,N,UNKNOWN,24
511,Sep,1981,USA,Surfing,M,28,N,18,28
512,Sep,1981,USA,Surfing,M,0,N,UNKNOWN,17
513,Sep,1981,USA,Surfing,M,25,N,12,25
514,Sep,1981,USA,Surfing,M,24,N,UNKNOWN,24
515,Aug,1981,USA,Surfing,M,15,N,UNKNOWN,15
516,Mar,1981,USA,Surfing,M,24,N,17,24
517,Feb,1981,USA,Surfing,M,15,N,13,15
518,Oct,1980,USA,Surfing,M,29,N,15,29
519,Oct,1980,USA,Surfing,M,19,N,09,19
520,Jul,1980,USA,Surfing,M,0,N,UNKNOWN,17
521,Jul,1980,USA,Surfing,M,0,N,UNKNOWN,17
522,Nov,1979,USA,Surfing,M,20,N,10,20
523,Mar,1979,USA,Surfing,M,27,N,11,27
524,Nov,1978,USA,Surfing,M,0,N,UNKNOWN,17
525,Nov,1978,USA,Surfing,M,17,N,UNKNOWN,17
526,Jun,1978,USA,Surfing,M,20,N,UNKNOWN,20
527,Jun,1978,USA,Surfing,M,17,N,UNKNOWN,17
528,UNKNOWN,1978,USA,Surfing,F,0,N,UNKNOWN,17
529,Dec,1977,USA,Surfing,M,27,N,UNKNOWN,27
530,Nov,1976,USA,Surfing,M,19,N,10,19
531,Oct,1976,USA,Surfing,M,25,N,14,25
532,Sep,1976,USA,Surfing,M,15,N,14,15
533,Aug,1976,USA,Surfing,M,19,N,14,19
534,Nov,1975,USA,Surfing,M,18,N,UNKNOWN,18
535,Oct,1975,USA,Surfing,UNKNOWN,0,UNKNOWN,UNKNOWN,17
536,Jul,1975,USA,Surfing,M,16,N,UNKNOWN,16
537,Jun,1975,USA,Surfing,M,20,N,UNKNOWN,20
538,May,1975,USA,Surfing,M,17,N,10,17
539,Sep,1974,USA,Surfing,M,17,N,07,17
540,Sep,1974,USA,Surfing,M,24,N,UNKNOWN,24
541,Aug,1974,USA,Surfing,M,0,N,UNKNOWN,17
542,Nov,1973,USA,Surfing,M,13,N,UNKNOWN,13
543,Jan,1973,USA,Surfing,M,0,N,UNKNOWN,17
544,Oct,1972,USA,Surfing,M,17,N,UNKNOWN,17
545,Sep,1972,USA,Surfing,M,0,N,10,17
546,Aug,1972,USA,Surfing,M,15,N,UNKNOWN,15
547,Jun,1972,USA,Surfing,M,22,N,11,22
548,Oct,1971,USA,Surfing,M,18,N,UNKNOWN,18
549,Sep,1971,USA,Surfing,UNKNOWN,17,N,UNKNOWN,17
550,Oct,1970,USA,Surfing,M,0,N,UNKNOWN,17
551,Aug,1969,USA,Surfing,M,15,N,UNKNOWN,15
552,Mar,1969,USA,Surfing,M,16,N,17,16
553,Sep,1968,USA,Surfing,UNKNOWN,0,UNKNOWN,12,17
554,Mar,1968,USA,Surfing,M,20,N,UNKNOWN,20
555,Feb,1968,USA,Surfing,M,17,N,13,17
556,UNKNOWN,1968,USA,Surfing,UNKNOWN,0,UNKNOWN,17,17
557,Jul,1967,USA,Surfing,M,18,UNKNOWN,16,18
558,Apr,1965,USA,Surfing,M,19,UNKNOWN,16,19
559,UNKNOWN,1965,USA,Surfing,M,0,N,UNKNOWN,17
560,Aug,1955,USA,Surfing,M,25,N,UNKNOWN,25
561,UNKNOWN,1828,USA,Surfing,M,0,Y,UNKNOWN,17
562,UNKNOWN,1779,USA,Surfing,M,0,Y,UNKNOWN,17
563,UNKNOWN,UNKNOWN,USA,Surfing,M,0,N,UNKNOWN,17
564,Feb,2014,NEW ZEALAND,Surfing,M,28,N,20,28
565,Mar,2012,NEW ZEALAND,Surfing,M,0,N,19,17
566,Apr,2011,NEW ZEALAND,Surfing,M,41,N,UNKNOWN,41
567,Jan,2009,NEW ZEALAND,Surfing,M,0,N,UNKNOWN,17
568,Dec,2007,NEW ZEALAND,Surfing,F,0,N,UNKNOWN,17
569,Dec,2006,NEW ZEALAND,Surfing,M,10,N,11,10
570,Feb,2004,NEW ZEALAND,Surfing,M,15,N,19,15
571,Dec,2000,NEW ZEALAND,Surfing,F,0,Y,UNKNOWN,17
572,Feb,2000,NEW ZEALAND,Surfing,M,12,N,UNKNOWN,12
573,Dec,1999,NEW ZEALAND,Surfing,M,15,N,UNKNOWN,15
574,Mar,1971,NEW ZEALAND,Surfing,M,16,N,10,16
575,Dec,1968,NEW ZEALAND,Surfing,M,17,N,17,17
576,Jan,2017,INDONESIA,Surfing,M,48,N,07,48
577,Apr,2016,INDONESIA,Surfing,M,24,N,07,24
578,Nov,2011,INDONESIA,Surfing,M,18,N,13,18
579,Apr,2011,INDONESIA,Surfing,M,0,N,UNKNOWN,17
580,Dec,2010,INDONESIA,Surfing,M,0,N,UNKNOWN,17
581,Nov,2010,INDONESIA,Surfing,M,0,N,UNKNOWN,17
582,May,2018,SOUTH AFRICA,Surfing,M,0,N,11,17
583,Apr,2018,SOUTH AFRICA,Surfing,M,19,N,15,19
584,Jul,2017,SOUTH AFRICA,Surfing,F,13,N,15,13
585,Apr,2017,SOUTH AFRICA,Surfing,M,14,N,17,14
586,Oct,2015,SOUTH AFRICA,Surfing,M,42,N,15,42
587,Jul,2015,SOUTH AFRICA,Surfing,M,34,N,UNKNOWN,34
588,Jun,2015,SOUTH AFRICA,Surfing,M,23,N,16,23
589,Jan,2015,SOUTH AFRICA,Surfing,M,15,N,08,15
590,Aug,2014,SOUTH AFRICA,Surfing,M,20,N,14,20
591,Dec,2013,SOUTH AFRICA,Surfing,M,19,N,08,19
592,Jun,2013,SOUTH AFRICA,Surfing,M,0,N,UNKNOWN,17
593,Mar,2013,SOUTH AFRICA,Surfing,M,0,N,UNKNOWN,17
594,Jul,2012,SOUTH AFRICA,Surfing,M,29,N,16,29
595,Aug,2011,SOUTH AFRICA,Surfing,M,49,Y,09,49
596,Jul,2011,SOUTH AFRICA,Surfing,M,29,N,10,29
597,May,2011,SOUTH AFRICA,Surfing,M,33,N,UNKNOWN,33
598,Jan,2011,SOUTH AFRICA,Surfing,M,16,Y,12,16
599,Oct,2010,SOUTH AFRICA,Surfing,M,0,N,14,17
600,Apr,2010,SOUTH AFRICA,Surfing,M,35,N,10,35
601,Feb,2010,SOUTH AFRICA,Surfing,M,0,N,11,17
602,Jan,2010,SOUTH AFRICA,Surfing,M,0,N,UNKNOWN,17
603,Dec,2009,SOUTH AFRICA,Surfing,M,0,UNKNOWN,UNKNOWN,17
604,Aug,2009,SOUTH AFRICA,Surfing,M,25,Y,15,25
605,Jul,2009,SOUTH AFRICA,Surfing,M,37,N,11,37
606,Mar,2009,SOUTH AFRICA,Surfing,M,16,Y,UNKNOWN,16
607,Nov,2007,SOUTH AFRICA,Surfing,M,14,N,17,14
608,Nov,2007,SOUTH AFRICA,Surfing,M,37,N,08,37
609,Sep,2006,SOUTH AFRICA,Surfing,M,37,N,UNKNOWN,37
610,Aug,2006,SOUTH AFRICA,Surfing,M,0,N,UNKNOWN,17
611,Feb,2006,SOUTH AFRICA,Surfing,M,15,N,UNKNOWN,15
612,Nov,2005,SOUTH AFRICA,Surfing,M,26,N,11,26
613,May,2005,SOUTH AFRICA,Surfing,M,32,N,11,32
614,Mar,2005,SOUTH AFRICA,Surfing,M,32,N,09,32
615,Nov,2004,SOUTH AFRICA,Surfing,M,20,N,18,20
616,Oct,2004,SOUTH AFRICA,Surfing,M,34,N,UNKNOWN,34
617,Apr,2004,SOUTH AFRICA,Surfing,M,16,N,14,16
618,Jan,2004,SOUTH AFRICA,Surfing,M,22,N,UNKNOWN,22
619,May,2001,SOUTH AFRICA,Surfing,M,26,N,UNKNOWN,26
620,Apr,2001,SOUTH AFRICA,Surfing,M,46,N,09,46
621,Jul,2000,SOUTH AFRICA,Surfing,M,15,N,UNKNOWN,15
622,Jul,2000,SOUTH AFRICA,Surfing,M,18,N,UNKNOWN,18
623,Jul,2000,SOUTH AFRICA,Surfing,M,0,N,UNKNOWN,17
624,Nov,1999,SOUTH AFRICA,Surfing,M,35,N,UNKNOWN,35
625,Jul,1999,SOUTH AFRICA,Surfing,M,42,N,14,42
626,Jul,1999,SOUTH AFRICA,Surfing,M,29,N,UNKNOWN,29
627,Dec,1998,SOUTH AFRICA,Surfing,M,18,N,17,18
628,Oct,1998,SOUTH AFRICA,Surfing,M,30,N,UNKNOWN,30
629,Jul,1998,SOUTH AFRICA,Surfing,M,16,N,UNKNOWN,16
630,Jul,1998,SOUTH AFRICA,Surfing,M,10,N,UNKNOWN,10
631,Jun,1998,SOUTH AFRICA,Surfing,M,0,N,UNKNOWN,17
632,May,1998,SOUTH AFRICA,Surfing,M,17,N,UNKNOWN,17
633,Jan,1998,SOUTH AFRICA,Surfing,M,21,N,UNKNOWN,21
634,UNKNOWN,1998,SOUTH AFRICA,Surfing,M,28,Y,UNKNOWN,28
635,Jul,1997,SOUTH AFRICA,Surfing,M,25,Y,12,25
636,Dec,1996,SOUTH AFRICA,Surfing,M,0,N,16,17
637,Jun,1996,SOUTH AFRICA,Surfing,M,0,N,UNKNOWN,17
638,May,1996,SOUTH AFRICA,Surfing,M,17,N,14,17
639,Nov,1984,SOUTH AFRICA,Surfing,M,14,N,17,14
640,Jul,1994,SOUTH AFRICA,Surfing,M,22,Y,13,22
641,Jul,1994,SOUTH AFRICA,Surfing,M,31,N,13,31
642,Feb,1994,SOUTH AFRICA,Surfing,M,15,N,16,15
643,Jul,1993,SOUTH AFRICA,Surfing,M,28,N,15,28
644,Apr,1992,SOUTH AFRICA,Surfing,M,35,N,13,35
645,Aug,1989,SOUTH AFRICA,Surfing,M,21,N,10,21
646,Jul,1989,SOUTH AFRICA,Surfing,M,34,N,10,34
647,Jun,1989,SOUTH AFRICA,Surfing,M,16,N,16,16
648,Mar,1988,SOUTH AFRICA,Surfing,M,17,N,16,17
649,Feb,1988,SOUTH AFRICA,Surfing,M,20,N,17,20
650,Jan,1988,SOUTH AFRICA,Surfing,M,22,UNKNOWN,06,22
651,Sep,1987,SOUTH AFRICA,Surfing,M,24,N,11,24
652,Mar,1986,SOUTH AFRICA,Surfing,M,23,N,UNKNOWN,23
653,Feb,1986,SOUTH AFRICA,Surfing,M,21,N,12,21
654,Feb,1986,SOUTH AFRICA,Surfing,M,0,N,18,17
655,Dec,1985,SOUTH AFRICA,Surfing,M,0,N,UNKNOWN,17
656,Jan,1985,SOUTH AFRICA,Surfing,M,18,N,18,18
657,Jun,1984,SOUTH AFRICA,Surfing,M,27,N,17,27
658,Mar,1984,SOUTH AFRICA,Surfing,M,0,N,17,17
659,Jul,1983,SOUTH AFRICA,Surfing,M,0,N,UNKNOWN,17
660,Mar,1983,SOUTH AFRICA,Surfing,M,0,N,12,17
661,Sep,1982,SOUTH AFRICA,Surfing,M,16,N,16,16
662,Sep,1982,SOUTH AFRICA,Surfing,M,16,N,14,16
663,Jun,1982,SOUTH AFRICA,Surfing,M,27,Y,09,27
664,Jul,1981,SOUTH AFRICA,Surfing,M,32,N,10,32
665,May,1981,SOUTH AFRICA,Surfing,M,27,N,08,27
666,May,1981,SOUTH AFRICA,Surfing,M,19,N,14,19
667,May,1981,SOUTH AFRICA,Surfing,M,24,N,09,24
668,May,1980,SOUTH AFRICA,Surfing,M,22,N,08,22
669,Jan,1978,SOUTH AFRICA,Surfing,M,17,N,12,17
670,Dec,1977,SOUTH AFRICA,Surfing,M,18,N,10,18
671,Oct,1976,SOUTH AFRICA,Surfing,M,20,N,11,20
672,Aug,1975,SOUTH AFRICA,Surfing,M,19,N,13,19
673,Feb,1975,SOUTH AFRICA,Surfing,M,16,N,10,16
674,Apr,1974,SOUTH AFRICA,Surfing,M,17,N,16,17
675,Mar,1974,SOUTH AFRICA,Surfing,M,21,N,16,21
676,UNKNOWN,1973,SOUTH AFRICA,Surfing,M,13,N,08,13
677,Jun,1971,SOUTH AFRICA,Surfing,M,21,N,15,21
678,Dec,1967,SOUTH AFRICA,Surfing,M,22,N,14,22
679,May,2018,USA,Fishing,M,52,N,UNKNOWN,52
680,Aug,2017,USA,Fishing,M,34,N,23,34
681,Jun,2017,USA,Fishing,M,0,UNKNOWN,19,17
682,Jul,2016,USA,Fishing,M,59,N,10,59
683,Apr,2016,USA,Fishing,M,34,N,UNKNOWN,34
684,Jan,2015,USA,Fishing,M,0,N,UNKNOWN,17
685,Oct,2014,USA,Fishing,F,40,N,UNKNOWN,40
686,Sep,2014,USA,Fishing,M,52,N,20,52
687,Aug,2014,USA,Fishing,M,33,N,UNKNOWN,33
688,Aug,2013,USA,Fishing,M,17,N,15,17
689,Jun,2012,USA,Fishing,M,23,N,14,23
690,Jul,2010,USA,Fishing,M,0,N,UNKNOWN,17
691,Jul,2010,USA,Fishing,M,0,N,UNKNOWN,17
692,Jul,2010,USA,Fishing,M,20,N,12,20
693,May,2010,USA,Fishing,M,49,N,08,49
694,Nov,2009,USA,Fishing,M,31,N,16,31
695,Oct,2008,USA,Fishing,M,11,N,12,11
696,Aug,2007,USA,Fishing,M,0,N,19,17
697,Apr,2007,USA,Fishing,UNKNOWN,0,N,UNKNOWN,17
698,Oct,2006,USA,Fishing,M,15,N,UNKNOWN,15
699,Jun,2006,USA,Fishing,M,0,N,UNKNOWN,17
700,Apr,2006,USA,Fishing,M,35,N,UNKNOWN,35
701,Jun,2005,USA,Fishing,M,16,N,11,16
702,Aug,2003,USA,Fishing,M,0,N,12,17
703,Sep,2002,USA,Fishing,M,0,N,UNKNOWN,17
704,May,2002,USA,Fishing,M,31,N,UNKNOWN,31
705,Sep,2001,USA,Fishing,M,44,N,UNKNOWN,44
706,Jul,2001,USA,Fishing,UNKNOWN,0,N,UNKNOWN,17
707,Mar,2000,USA,Fishing,M,0,N,UNKNOWN,17
708,Jul,1995,USA,Fishing,F,32,N,UNKNOWN,32
709,Feb,1994,USA,Fishing,M,0,N,17,17
710,Nov,1991,USA,Fishing,M,0,N,12,17
711,Aug,1991,USA,Fishing,M,0,N,UNKNOWN,17
712,Jan,1988,USA,Fishing,M,0,N,UNKNOWN,17
713,Jun,1987,USA,Fishing,M,0,N,UNKNOWN,17
714,Nov,1985,USA,Fishing,M,24,N,UNKNOWN,24
715,Oct,1985,USA,Fishing,M,0,N,UNKNOWN,17
716,Aug,1983,USA,Fishing,UNKNOWN,0,N,UNKNOWN,17
717,Jan,1983,USA,Fishing,M,43,N,UNKNOWN,43
718,UNKNOWN,1983,USA,Fishing,M,0,N,UNKNOWN,17
719,Aug,1981,USA,Fishing,M,0,UNKNOWN,UNKNOWN,17
720,UNKNOWN,1979,USA,Fishing,M,0,Y,UNKNOWN,17
721,Jul,1978,USA,Fishing,M,27,N,UNKNOWN,27
722,Jun,1970,USA,Fishing,M,13,N,UNKNOWN,13
723,Aug,1969,USA,Fishing,M,28,N,UNKNOWN,28
724,Aug,1969,USA,Fishing,M,0,N,UNKNOWN,17
725,Sep,1966,USA,Fishing,M,20,N,UNKNOWN,20
726,Jul,1966,USA,Fishing,M,14,N,15,14
727,Jun,1966,USA,Fishing,M,18,N,09,18
728,Jun,1964,USA,Fishing,UNKNOWN,0,N,UNKNOWN,17
729,Aug,1959,USA,Fishing,M,0,N,UNKNOWN,17
730,Jul,1959,USA,Fishing,UNKNOWN,0,N,UNKNOWN,17
731,Apr,1959,USA,Fishing,M,0,N,UNKNOWN,17
732,Nov,1958,USA,Fishing,UNKNOWN,0,N,UNKNOWN,17
733,Jul,1956,USA,Fishing,M,38,N,UNKNOWN,38
734,Aug,1955,USA,Fishing,M,0,N,UNKNOWN,17
735,UNKNOWN,1954,USA,Fishing,M,0,N,UNKNOWN,17
736,Jul,1952,USA,Fishing,M,43,N,UNKNOWN,43
737,Jul,1952,USA,Fishing,M,34,N,UNKNOWN,34
738,Jul,1952,USA,Fishing,M,34,N,UNKNOWN,34
739,Jul,1949,USA,Fishing,M,16,N,UNKNOWN,16
740,Sep,1948,USA,Fishing,M,0,N,UNKNOWN,17
741,Jul,1947,USA,Fishing,M,46,N,UNKNOWN,46
742,Jun,1947,USA,Fishing,M,35,N,10,35
743,Aug,1941,USA,Fishing,UNKNOWN,0,N,UNKNOWN,17
744,Jul,1941,USA,Fishing,M,0,N,UNKNOWN,17
745,Mar,1941,USA,Fishing,M,53,N,UNKNOWN,53
746,Jun,1940,USA,Fishing,M,0,N,UNKNOWN,17
747,Aug,1939,USA,Fishing,M,33,N,UNKNOWN,33
748,Aug,1938,USA,Fishing,M,0,N,UNKNOWN,17
749,UNKNOWN,1938,USA,Fishing,M,0,N,UNKNOWN,17
750,May,1937,USA,Fishing,M,0,N,UNKNOWN,17
751,Aug,1936,USA,Fishing,M,13,N,UNKNOWN,13
752,Mar,1936,USA,Fishing,M,0,N,UNKNOWN,17
753,Aug,1932,USA,Fishing,M,0,N,UNKNOWN,17
754,Jun,1932,USA,Fishing,M,32,N,UNKNOWN,32
755,Jun,1932,USA,Fishing,M,0,N,UNKNOWN,17
756,Sep,1931,USA,Fishing,M,0,UNKNOWN,UNKNOWN,17
757,Jun,1929,USA,Fishing,M,0,N,UNKNOWN,17
758,UNKNOWN,1929,USA,Fishing,M,0,N,UNKNOWN,17
759,Nov,1928,USA,Fishing,M,0,N,UNKNOWN,17
760,Sep,1928,USA,Fishing,M,0,N,UNKNOWN,17
761,Jul,1926,USA,Fishing,M,0,N,UNKNOWN,17
762,Jul,1924,USA,Fishing,M,14,N,UNKNOWN,14
763,UNKNOWN,1923,USA,Fishing,M,0,N,UNKNOWN,17
764,Sep,1922,USA,Fishing,UNKNOWN,0,N,UNKNOWN,17
765,Nov,1918,USA,Fishing,M,0,Y,UNKNOWN,17
766,Jul,1916,USA,Fishing,M,0,N,UNKNOWN,17
767,Jul,1914,USA,Fishing,M,0,N,UNKNOWN,17
768,May,1914,USA,Fishing,F,0,N,UNKNOWN,17
769,May,1913,USA,Fishing,M,0,N,UNKNOWN,17
770,Jul,1911,USA,Fishing,M,0,N,UNKNOWN,17
771,May,1911,USA,Fishing,M,0,N,UNKNOWN,17
772,Sep,1906,USA,Fishing,M,0,N,UNKNOWN,17
773,Sep,1905,USA,Fishing,M,0,N,UNKNOWN,17
774,Jul,1905,USA,Fishing,M,0,Y,UNKNOWN,17
775,Sep,1903,USA,Fishing,M,0,N,UNKNOWN,17
776,UNKNOWN,1903,USA,Fishing,M,0,Y,UNKNOWN,17
777,Nov,1902,USA,Fishing,M,0,N,UNKNOWN,17
778,Sep,1897,USA,Fishing,M,0,N,UNKNOWN,17
779,Mar,1897,USA,Fishing,M,0,Y,UNKNOWN,17
780,Jul,1896,USA,Fishing,M,35,Y,10,35
781,Sep,1895,USA,Fishing,UNKNOWN,0,N,UNKNOWN,17
782,Aug,1895,USA,Fishing,M,0,N,UNKNOWN,17
783,Dec,1894,USA,Fishing,M,0,N,UNKNOWN,17
784,Sep,1894,USA,Fishing,M,0,N,UNKNOWN,17
785,Jul,1889,USA,Fishing,M,0,N,07,17
786,Jan,1889,USA,Fishing,UNKNOWN,0,N,UNKNOWN,17
787,Sep,1878,USA,Fishing,M,0,N,UNKNOWN,17
788,Oct,1876,USA,Fishing,M,0,Y,UNKNOWN,17
789,Jul,1874,USA,Fishing,M,0,N,UNKNOWN,17
790,Aug,1871,USA,Fishing,M,0,N,UNKNOWN,17
791,Jul,1863,USA,Fishing,M,0,N,UNKNOWN,17
792,Jul,1771,USA,Fishing,M,0,Y,UNKNOWN,17
793,UNKNOWN,UNKNOWN,USA,Fishing,M,0,N,UNKNOWN,17
794,May,2016,NEW ZEALAND,Fishing,M,39,N,UNKNOWN,39
795,Mar,2009,NEW ZEALAND,Fishing,M,0,N,UNKNOWN,17
796,Jan,2009,NEW ZEALAND,Fishing,UNKNOWN,0,N,19,17
797,Jan,2009,NEW ZEALAND,Fishing,UNKNOWN,0,N,UNKNOWN,17
798,Dec,2008,NEW ZEALAND,Fishing,M,0,N,UNKNOWN,17
799,Mar,2005,NEW ZEALAND,Fishing,M,0,N,14,17
800,Apr,2004,NEW ZEALAND,Fishing,UNKNOWN,0,N,UNKNOWN,17
801,Jun,2000,NEW ZEALAND,Fishing,M,0,N,UNKNOWN,17
802,Mar,1999,NEW ZEALAND,Fishing,M,28,N,UNKNOWN,28
803,Jan,1963,NEW ZEALAND,Fishing,UNKNOWN,14,N,UNKNOWN,14
804,Feb,1962,NEW ZEALAND,Fishing,UNKNOWN,0,UNKNOWN,UNKNOWN,17
805,Jan,1962,NEW ZEALAND,Fishing,UNKNOWN,0,N,UNKNOWN,17
806,Dec,1956,NEW ZEALAND,Fishing,M,70,N,UNKNOWN,70
807,Feb,1939,NEW ZEALAND,Fishing,M,0,N,UNKNOWN,17
808,Feb,1927,NEW ZEALAND,Fishing,M,70,N,UNKNOWN,70
809,Jan,1915,NEW ZEALAND,Fishing,M,0,UNKNOWN,UNKNOWN,17
810,Apr,1911,NEW ZEALAND,Fishing,UNKNOWN,0,N,UNKNOWN,17
811,UNKNOWN,1911,NEW ZEALAND,Fishing,M,50,Y,UNKNOWN,50
812,Apr,2014,SOUTH AFRICA,Fishing,M,0,N,UNKNOWN,17
813,Feb,2012,SOUTH AFRICA,Fishing,UNKNOWN,0,N,UNKNOWN,17
814,Mar,2009,SOUTH AFRICA,Fishing,M,40,N,13,40
815,Dec,2008,SOUTH AFRICA,Fishing,M,15,N,20,15
816,May,2008,SOUTH AFRICA,Fishing,M,24,N,UNKNOWN,24
817,Dec,2006,SOUTH AFRICA,Fishing,M,25,N,UNKNOWN,25
818,Aug,2004,SOUTH AFRICA,Fishing,UNKNOWN,0,N,UNKNOWN,17
819,Jan,2002,SOUTH AFRICA,Fishing,M,16,N,02,16
820,May,1990,SOUTH AFRICA,Fishing,UNKNOWN,0,N,UNKNOWN,17
821,Feb,1989,SOUTH AFRICA,Fishing,M,0,N,UNKNOWN,17
822,Apr,1987,SOUTH AFRICA,Fishing,M,0,UNKNOWN,UNKNOWN,17
823,Feb,1984,SOUTH AFRICA,Fishing,M,0,N,UNKNOWN,17
824,Apr,1983,SOUTH AFRICA,Fishing,M,27,N,19,27
825,Feb,1982,SOUTH AFRICA,Fishing,M,0,N,UNKNOWN,17
826,Mar,1980,SOUTH AFRICA,Fishing,M,61,N,UNKNOWN,61
827,Oct,1979,SOUTH AFRICA,Fishing,M,0,N,UNKNOWN,17
828,Oct,1978,SOUTH AFRICA,Fishing,M,0,UNKNOWN,UNKNOWN,17
829,Aug,1977,SOUTH AFRICA,Fishing,M,0,N,13,17
830,Mar,1976,SOUTH AFRICA,Fishing,UNKNOWN,0,N,UNKNOWN,17
831,Feb,1975,SOUTH AFRICA,Fishing,M,12,N,UNKNOWN,12
832,Nov,1968,SOUTH AFRICA,Fishing,M,22,N,UNKNOWN,22
833,Jan,1963,SOUTH AFRICA,Fishing,M,0,N,UNKNOWN,17
834,Dec,1962,SOUTH AFRICA,Fishing,UNKNOWN,0,N,UNKNOWN,17
835,Aug,1962,SOUTH AFRICA,Fishing,UNKNOWN,0,N,12,17
836,Apr,1962,SOUTH AFRICA,Fishing,UNKNOWN,0,N,UNKNOWN,17
837,Jan,1962,SOUTH AFRICA,Fishing,UNKNOWN,0,N,UNKNOWN,17
838,Mar,1961,SOUTH AFRICA,Fishing,M,44,N,UNKNOWN,44
839,Oct,1960,SOUTH AFRICA,Fishing,UNKNOWN,0,N,UNKNOWN,17
840,Apr,1960,SOUTH AFRICA,Fishing,M,0,N,UNKNOWN,17
841,Apr,1960,SOUTH AFRICA,Fishing,UNKNOWN,0,N,UNKNOWN,17
842,Apr,1959,SOUTH AFRICA,Fishing,M,0,N,UNKNOWN,17
843,Nov,1958,SOUTH AFRICA,Fishing,M,0,UNKNOWN,UNKNOWN,17
844,May,1956,SOUTH AFRICA,Fishing,UNKNOWN,0,N,UNKNOWN,17
845,UNKNOWN,1948,SOUTH AFRICA,Fishing,UNKNOWN,0,N,UNKNOWN,17
846,Mar,1885,SOUTH AFRICA,Fishing,M,0,N,UNKNOWN,17
847,Mar,1865,SOUTH AFRICA,Fishing,M,0,Y,UNKNOWN,17
848,Jul,UNKNOWN,SOUTH AFRICA,Fishing,M,0,Y,UNKNOWN,17
849,May,2018,USA,Swimming,M,10,N,15,10
850,Oct,2017,USA,Swimming,F,60,N,08,60
851,Oct,2017,USA,Swimming,M,0,N,14,17
852,Sep,2017,USA,Swimming,M,0,N,UNKNOWN,17
853,Sep,2017,USA,Swimming,F,0,N,UNKNOWN,17
854,Aug,2017,USA,Swimming,M,13,N,13,13
855,Jul,2017,USA,Swimming,M,10,UNKNOWN,15,10
856,Jul,2017,USA,Swimming,F,8,UNKNOWN,UNKNOWN,8
857,Jul,2017,USA,Swimming,M,46,N,15,46
858,Jun,2017,USA,Swimming,F,16,N,UNKNOWN,16
859,Jun,2017,USA,Swimming,F,14,N,UNKNOWN,14
860,Apr,2017,USA,Swimming,F,0,N,17,17
861,Apr,2017,USA,Swimming,M,0,UNKNOWN,08,17
862,Apr,2017,USA,Swimming,F,21,N,17,21
863,Apr,2017,USA,Swimming,M,16,N,UNKNOWN,16
864,Apr,2017,USA,Swimming,F,51,N,13,51
865,Apr,2017,USA,Swimming,F,17,N,15,17
866,Feb,2017,USA,Swimming,M,22,N,13,22
867,Sep,2016,USA,Swimming,F,51,N,14,51
868,Jul,2016,USA,Swimming,M,0,N,UNKNOWN,17
869,Jul,2016,USA,Swimming,F,42,N,14,42
870,Jun,2016,USA,Swimming,M,64,N,08,64
871,May,2016,USA,Swimming,F,52,N,16,52
872,May,2016,USA,Swimming,M,13,N,15,13
873,May,2016,USA,Swimming,F,57,N,12,57
874,May,2016,USA,Swimming,F,22,N,18,22
875,May,2016,USA,Swimming,F,11,N,17,11
876,May,2016,USA,Swimming,M,48,N,UNKNOWN,48
877,Nov,2015,USA,Swimming,F,0,N,11,17
878,Nov,2015,USA,Swimming,M,54,N,11,54
879,Oct,2015,USA,Swimming,M,44,N,11,44
880,Sep,2015,USA,Swimming,M,0,N,19,17
881,Jul,2015,USA,Swimming,M,68,N,12,68
882,Jun,2015,USA,Swimming,M,18,N,16,18
883,Jun,2015,USA,Swimming,F,0,UNKNOWN,19,17
884,Jun,2015,USA,Swimming,M,6,N,12,6
885,Jun,2015,USA,Swimming,M,10,N,13,10
886,May,2015,USA,Swimming,F,13,N,UNKNOWN,13
887,May,2015,USA,Swimming,M,0,N,15,17
888,Aug,2014,USA,Swimming,F,10,N,13,10
889,Aug,2014,USA,Swimming,M,7,N,UNKNOWN,7
890,Aug,2014,USA,Swimming,F,45,N,UNKNOWN,45
891,Jul,2014,USA,Swimming,M,0,N,UNKNOWN,17
892,Jul,2014,USA,Swimming,M,61,N,17,61
893,Jul,2014,USA,Swimming,M,39,N,14,39
894,Jul,2014,USA,Swimming,M,0,N,09,17
895,Jun,2014,USA,Swimming,F,22,N,13,22
896,May,2014,USA,Swimming,F,40,N,15,40
897,Apr,2014,USA,Swimming,M,42,N,15,42
898,Sep,2013,USA,Swimming,M,45,N,13,45
899,Sep,2013,USA,Swimming,M,21,N,15,21
900,Sep,2013,USA,Swimming,M,17,N,13,17
901,Aug,2013,USA,Swimming,M,0,N,23,17
902,Jul,2013,USA,Swimming,M,32,N,UNKNOWN,32
903,Jun,2013,USA,Swimming,M,0,N,UNKNOWN,17
904,Jun,2013,USA,Swimming,M,14,N,12,14
905,Jun,2013,USA,Swimming,M,28,N,12,28
906,Jun,2013,USA,Swimming,M,15,N,14,15
907,May,2013,USA,Swimming,M,11,N,UNKNOWN,11
908,Apr,2013,USA,Swimming,M,50,N,UNKNOWN,50
909,Dec,2012,USA,Swimming,M,0,N,14,17
910,Oct,2012,USA,Swimming,F,51,N,15,51
911,Sep,2012,USA,Swimming,M,0,N,UNKNOWN,17
912,Jul,2012,USA,Swimming,F,43,N,17,43
913,Jun,2012,USA,Swimming,M,6,N,19,6
914,Jun,2012,USA,Swimming,M,12,N,16,12
915,Jun,2012,USA,Swimming,F,18,N,UNKNOWN,18
916,Jun,2012,USA,Swimming,M,0,N,UNKNOWN,17
917,Jun,2012,USA,Swimming,M,0,N,UNKNOWN,17
918,Jun,2012,USA,Swimming,M,16,N,13,16
919,May,2012,USA,Swimming,F,47,N,11,47
920,Aug,2011,USA,Swimming,M,54,N,14,54
921,Jul,2011,USA,Swimming,M,12,N,17,12
922,Sep,2010,USA,Swimming,M,27,N,UNKNOWN,27
923,Aug,2010,USA,Swimming,F,0,UNKNOWN,19,17
924,Jul,2010,USA,Swimming,M,10,N,10,10
925,Jul,2010,USA,Swimming,F,13,N,13,13
926,Jun,2010,USA,Swimming,F,13,N,13,13
927,Sep,2009,USA,Swimming,M,0,N,17,17
928,Sep,2009,USA,Swimming,M,60,Y,21,60
929,Aug,2009,USA,Swimming,F,22,N,16,22
930,Aug,2009,USA,Swimming,M,26,N,19,26
931,Jul,2009,USA,Swimming,F,26,N,15,26
932,Jul,2009,USA,Swimming,F,19,N,15,19
933,Jul,2009,USA,Swimming,F,43,N,15,43
934,May,2009,USA,Swimming,M,0,N,20,17
935,Mar,2009,USA,Swimming,M,61,N,20,61
936,Sep,2008,USA,Swimming,M,32,N,12,32
937,Aug,2008,USA,Swimming,M,27,UNKNOWN,19,27
938,Aug,2008,USA,Swimming,M,47,N,14,47
939,Jul,2008,USA,Swimming,M,0,N,15,17
940,Jul,2008,USA,Swimming,F,14,N,19,14
941,Jun,2008,USA,Swimming,M,37,N,11,37
942,Apr,2008,USA,Swimming,M,66,Y,07,66
943,Sep,2007,USA,Swimming,M,58,N,09,58
944,Aug,2007,USA,Swimming,M,52,N,20,52
945,Aug,2007,USA,Swimming,F,15,N,17,15
946,Aug,2007,USA,Swimming,M,30,N,16,30
947,Jul,2007,USA,Swimming,M,14,N,12,14
948,Jul,2007,USA,Swimming,F,43,UNKNOWN,11,43
949,Jun,2007,USA,Swimming,F,0,N,10,17
950,Jun,2007,USA,Swimming,F,0,N,11,17
951,May,2007,USA,Swimming,M,68,N,08,68
952,Nov,2006,USA,Swimming,M,29,N,12,29
953,Sep,2006,USA,Swimming,M,55,N,14,55
954,Sep,2006,USA,Swimming,M,12,N,17,12
955,Jul,2006,USA,Swimming,F,21,N,13,21
956,Jul,2006,USA,Swimming,M,13,N,13,13
957,May,2006,USA,Swimming,F,20,N,16,20
958,Dec,2005,USA,Swimming,M,29,N,11,29
959,Aug,2005,USA,Swimming,M,8,N,UNKNOWN,8
960,Aug,2005,USA,Swimming,M,14,N,09,14
961,Jul,2005,USA,Swimming,M,22,N,16,22
962,Jun,2005,USA,Swimming,M,49,UNKNOWN,08,49
963,Jun,2005,USA,Swimming,M,20,N,UNKNOWN,20
964,May,2005,USA,Swimming,M,33,N,17,33
965,Aug,2004,USA,Swimming,M,47,N,20,47
966,Jul,2004,USA,Swimming,F,13,N,17,13
967,Jul,2004,USA,Swimming,F,19,N,16,19
968,Jun,2004,USA,Swimming,M,8,N,18,8
969,May,2004,USA,Swimming,M,9,UNKNOWN,UNKNOWN,9
970,Mar,2004,USA,Swimming,M,61,N,08,61
971,Dec,2003,USA,Swimming,M,28,UNKNOWN,UNKNOWN,28
972,Dec,2003,USA,Swimming,M,13,N,13,13
973,Sep,2003,USA,Swimming,F,8,UNKNOWN,13,8
974,Aug,2003,USA,Swimming,M,31,UNKNOWN,00,31
975,Jun,2003,USA,Swimming,M,51,N,UNKNOWN,51
976,Jun,2003,USA,Swimming,F,22,UNKNOWN,UNKNOWN,22
977,May,2003,USA,Swimming,M,20,N,11,20
978,Feb,2003,USA,Swimming,M,54,N,12,54
979,Nov,2002,USA,Swimming,F,34,N,10,34
980,Oct,2002,USA,Swimming,F,60,N,11,60
981,Aug,2002,USA,Swimming,F,29,N,17,29
982,Jul,2002,USA,Swimming,F,15,N,17,15
983,Jun,2002,USA,Swimming,F,11,N,14,11
984,Jun,2002,USA,Swimming,M,10,N,13,10
985,Sep,2001,USA,Swimming,F,0,N,UNKNOWN,17
986,Sep,2001,USA,Swimming,F,23,N,18,23
987,Jul,2001,USA,Swimming,M,8,N,UNKNOWN,8
988,Jun,2001,USA,Swimming,M,14,N,UNKNOWN,14
989,May,2001,USA,Swimming,M,11,N,UNKNOWN,11
990,May,2001,USA,Swimming,M,0,N,19,17
991,Nov,2000,USA,Swimming,M,73,N,12,73
992,Oct,2000,USA,Swimming,M,69,N,15,69
993,Sep,2000,USA,Swimming,M,8,N,17,8
994,Aug,2000,USA,Swimming,M,47,N,12,47
995,Jun,2000,USA,Swimming,M,55,N,06,55
996,Nov,1999,USA,Swimming,F,51,N,17,51
997,Jun,1999,USA,Swimming,M,41,N,13,41
998,Nov,1998,USA,Swimming,M,9,Y,14,9
999,Oct,1998,USA,Swimming,F,17,N,UNKNOWN,17
1000,May,1998,USA,Swimming,F,14,N,14,14
1001,Mar,1998,USA,Swimming,M,40,N,15,40
1002,Feb,1998,USA,Swimming,M,0,N,09,17
1003,Dec,1997,USA,Swimming,M,8,N,UNKNOWN,8
1004,Nov,1997,USA,Swimming,M,32,N,UNKNOWN,32
1005,Oct,1997,USA,Swimming,F,14,N,08,14
1006,Sep,1996,USA,Swimming,M,14,N,13,14
1007,Jul,1996,USA,Swimming,M,46,N,UNKNOWN,46
1008,Jul,1996,USA,Swimming,M,9,N,13,9
1009,Sep,1995,USA,Swimming,F,19,N,15,19
1010,Sep,1995,USA,Swimming,M,9,UNKNOWN,UNKNOWN,9
1011,Aug,1995,USA,Swimming,M,16,N,UNKNOWN,16
1012,Aug,1995,USA,Swimming,M,15,UNKNOWN,UNKNOWN,15
1013,Jul,1995,USA,Swimming,F,7,N,UNKNOWN,7
1014,Jun,1995,USA,Swimming,M,45,N,18,45
1015,Jun,1995,USA,Swimming,F,10,N,14,10
1016,Jun,1995,USA,Swimming,M,38,N,11,38
1017,Sep,1994,USA,Swimming,F,30,N,UNKNOWN,30
1018,Nov,1993,USA,Swimming,M,30,N,UNKNOWN,30
1019,Oct,1993,USA,Swimming,F,26,N,10,26
1020,Jun,1993,USA,Swimming,F,60,N,UNKNOWN,60
1021,Aug,1991,USA,Swimming,M,23,N,13,23
1022,Jul,1991,USA,Swimming,M,22,N,18,22
1023,Aug,1989,USA,Swimming,M,21,N,UNKNOWN,21
1024,Apr,1989,USA,Swimming,M,19,N,UNKNOWN,19
1025,Jul,1988,USA,Swimming,F,15,N,10,15
1026,Jun,1988,USA,Swimming,M,12,N,12,12
1027,Apr,1988,USA,Swimming,M,24,N,18,24
1028,Apr,1987,USA,Swimming,F,16,N,18,16
1029,Oct,1986,USA,Swimming,F,6,N,18,6
1030,Sep,1985,USA,Swimming,M,17,UNKNOWN,UNKNOWN,17
1031,Oct,1984,USA,Swimming,M,22,UNKNOWN,14,22
1032,Sep,1984,USA,Swimming,M,0,N,UNKNOWN,17
1033,Sep,1984,USA,Swimming,UNKNOWN,0,UNKNOWN,UNKNOWN,17
1034,Jul,1984,USA,Swimming,F,13,N,14,13
1035,Jul,1984,USA,Swimming,F,18,N,12,18
1036,Aug,1983,USA,Swimming,F,14,N,UNKNOWN,14
1037,Jun,1983,USA,Swimming,M,42,N,11,42
1038,Jul,1982,USA,Swimming,M,17,N,UNKNOWN,17
1039,Jul,1982,USA,Swimming,M,43,UNKNOWN,UNKNOWN,43
1040,Jul,1982,USA,Swimming,F,19,N,14,19
1041,Jun,1982,USA,Swimming,M,20,N,16,20
1042,Feb,1982,USA,Swimming,F,0,N,UNKNOWN,17
1043,Feb,1982,USA,Swimming,F,75,Y,UNKNOWN,75
1044,Oct,1981,USA,Swimming,M,19,N,11,19
1045,Sep,1981,USA,Swimming,M,26,Y,UNKNOWN,26
1046,Jul,1981,USA,Swimming,F,16,N,UNKNOWN,16
1047,Apr,1979,USA,Swimming,M,24,N,13,24
1048,Apr,1977,USA,Swimming,M,0,N,UNKNOWN,17
1049,Sep,1976,USA,Swimming,M,16,Y,UNKNOWN,16
1050,Sep,1976,USA,Swimming,M,0,Y,UNKNOWN,17
1051,Jun,1976,USA,Swimming,M,0,N,UNKNOWN,17
1052,Jul,1975,USA,Swimming,F,14,N,UNKNOWN,14
1053,Jul,1974,USA,Swimming,M,17,Y,UNKNOWN,17
1054,Jun,1974,USA,Swimming,F,61,N,08,61
1055,Apr,1974,USA,Swimming,F,11,N,UNKNOWN,11
1056,Dec,1973,USA,Swimming,M,0,N,UNKNOWN,17
1057,Sep,1970,USA,Swimming,M,0,N,UNKNOWN,17
1058,Jun,1966,USA,Swimming,M,18,N,17,18
1059,Apr,1966,USA,Swimming,M,25,N,16,25
1060,Jan,1966,USA,Swimming,M,35,N,16,35
1061,Aug,1965,USA,Swimming,M,15,N,17,15
1062,Aug,1964,USA,Swimming,M,14,N,14,14
1063,Aug,1964,USA,Swimming,M,0,N,11,17
1064,May,1963,USA,Swimming,M,0,UNKNOWN,UNKNOWN,17
1065,Apr,1963,USA,Swimming,M,25,Y,13,25
1066,Oct,1961,USA,Swimming,M,45,UNKNOWN,UNKNOWN,45
1067,Aug,1961,USA,Swimming,M,16,N,09,16
1068,Jun,1960,USA,Swimming,M,24,N,15,24
1069,Mar,1959,USA,Swimming,M,13,N,14,13
1070,Jul,1957,USA,Swimming,M,57,Y,15,57
1071,Apr,1957,USA,Swimming,M,25,Y,13,25
1072,Jul,1956,USA,Swimming,M,7,N,15,7
1073,UNKNOWN,1956,USA,Swimming,F,14,UNKNOWN,UNKNOWN,14
1074,UNKNOWN,1955,USA,Swimming,M,0,UNKNOWN,UNKNOWN,17
1075,Sep,1954,USA,Swimming,M,35,N,UNKNOWN,35
1076,Apr,1953,USA,Swimming,F,19,N,UNKNOWN,19
1077,Aug,1952,USA,Swimming,M,0,Y,UNKNOWN,17
1078,UNKNOWN,1952,USA,Swimming,M,0,Y,UNKNOWN,17
1079,Jul,1950,USA,Swimming,M,11,N,UNKNOWN,11
1080,Sep,1948,USA,Swimming,M,0,N,UNKNOWN,17
1081,Jul,1948,USA,Swimming,M,46,Y,UNKNOWN,46
1082,Aug,1947,USA,Swimming,M,20,Y,UNKNOWN,20
1083,May,1945,USA,Swimming,M,0,Y,UNKNOWN,17
1084,Sep,1944,USA,Swimming,M,13,N,UNKNOWN,13
1085,Jul,1938,USA,Swimming,M,0,N,UNKNOWN,17
1086,Jun,1937,USA,Swimming,M,14,Y,UNKNOWN,14
1087,Sep,1936,USA,Swimming,M,0,N,UNKNOWN,17
1088,Jun,1936,USA,Swimming,M,0,Y,UNKNOWN,17
1089,Sep,1935,USA,Swimming,M,38,Y,20,38
1090,Aug,1934,USA,Swimming,M,11,N,UNKNOWN,11
1091,Aug,1933,USA,Swimming,F,0,N,UNKNOWN,17
1092,Apr,1933,USA,Swimming,M,24,Y,UNKNOWN,24
1093,Feb,1932,USA,Swimming,M,0,N,UNKNOWN,17
1094,Sep,1931,USA,Swimming,M,0,N,UNKNOWN,17
1095,Aug,1931,USA,Swimming,M,0,N,UNKNOWN,17
1096,Aug,1931,USA,Swimming,M,0,N,UNKNOWN,17
1097,Jul,1931,USA,Swimming,M,0,N,UNKNOWN,17
1098,Aug,1930,USA,Swimming,M,0,N,06,17
1099,Jul,1930,USA,Swimming,M,21,N,UNKNOWN,21
1100,Mar,1929,USA,Swimming,M,26,N,12,26
1101,Jun,1928,USA,Swimming,M,0,N,UNKNOWN,17
1102,Jan,1928,USA,Swimming,UNKNOWN,0,UNKNOWN,UNKNOWN,17
1103,Jan,1927,USA,Swimming,M,0,N,UNKNOWN,17
1104,Aug,1926,USA,Swimming,M,18,Y,UNKNOWN,18
1105,May,1926,USA,Swimming,M,0,Y,UNKNOWN,17
1106,Apr,1926,USA,Swimming,F,0,N,17,17
1107,Aug,1925,USA,Swimming,F,0,N,UNKNOWN,17
1108,Jan,1925,USA,Swimming,M,0,N,UNKNOWN,17
1109,Aug,1919,USA,Swimming,M,0,N,UNKNOWN,17
1110,UNKNOWN,1919,USA,Swimming,F,0,N,UNKNOWN,17
1111,Jul,1916,USA,Swimming,F,0,UNKNOWN,10,17
1112,Jul,1916,USA,Swimming,M,0,N,UNKNOWN,17
1113,Jul,1916,USA,Swimming,M,12,N,UNKNOWN,12
1114,Jul,1916,USA,Swimming,M,10,Y,UNKNOWN,10
1115,Jul,1916,USA,Swimming,M,0,Y,UNKNOWN,17
1116,Jul,1916,USA,Swimming,M,24,Y,17,24
1117,Jun,1916,USA,Swimming,M,10,N,UNKNOWN,10
1118,Sep,1914,USA,Swimming,M,17,Y,UNKNOWN,17
1119,Mar,1914,USA,Swimming,M,0,UNKNOWN,UNKNOWN,17
1120,Aug,1912,USA,Swimming,M,12,Y,UNKNOWN,12
1121,Jul,1912,USA,Swimming,M,0,N,UNKNOWN,17
1122,UNKNOWN,1911,USA,Swimming,M,0,N,UNKNOWN,17
1123,Jul,1909,USA,Swimming,M,16,N,UNKNOWN,16
1124,Oct,1906,USA,Swimming,M,0,Y,UNKNOWN,17
1125,Oct,1906,USA,Swimming,M,0,Y,UNKNOWN,17
1126,Jul,1906,USA,Swimming,M,0,Y,UNKNOWN,17
1127,May,1905,USA,Swimming,M,0,N,UNKNOWN,17
1128,Jul,1904,USA,Swimming,M,0,Y,UNKNOWN,17
1129,UNKNOWN,1904,USA,Swimming,M,0,Y,UNKNOWN,17
1130,Jul,1902,USA,Swimming,M,0,N,UNKNOWN,17
1131,Aug,1899,USA,Swimming,M,15,Y,UNKNOWN,15
1132,Aug,1898,USA,Swimming,M,0,N,UNKNOWN,17
1133,Aug,1895,USA,Swimming,M,26,Y,05,26
1134,Oct,1894,USA,Swimming,M,0,Y,UNKNOWN,17
1135,Aug,1894,USA,Swimming,F,0,UNKNOWN,UNKNOWN,17
1136,Jul,1889,USA,Swimming,M,0,Y,UNKNOWN,17
1137,Aug,1881,USA,Swimming,M,0,N,UNKNOWN,17
1138,Aug,1878,USA,Swimming,M,0,Y,UNKNOWN,17
1139,Aug,1878,USA,Swimming,M,14,Y,UNKNOWN,14
1140,Aug,1864,USA,Swimming,M,13,N,UNKNOWN,13
1141,Aug,1860,USA,Swimming,M,0,N,UNKNOWN,17
1142,Aug,1858,USA,Swimming,M,0,UNKNOWN,UNKNOWN,17
1143,Aug,1858,USA,Swimming,M,0,UNKNOWN,UNKNOWN,17
1144,Jan,1858,USA,Swimming,M,0,Y,UNKNOWN,17
1145,May,1857,USA,Swimming,M,0,Y,UNKNOWN,17
1146,Jul,1853,USA,Swimming,M,0,Y,UNKNOWN,17
1147,Aug,1852,USA,Swimming,M,0,Y,UNKNOWN,17
1148,Mar,1851,USA,Swimming,M,0,Y,UNKNOWN,17
1149,Aug,1848,USA,Swimming,M,15,N,UNKNOWN,15
1150,UNKNOWN,1847,USA,Swimming,M,0,UNKNOWN,UNKNOWN,17
1151,Jul,1842,USA,Swimming,M,15,N,UNKNOWN,15
1152,Jun,1817,USA,Swimming,M,0,Y,UNKNOWN,17
1153,UNKNOWN,1816,USA,Swimming,M,0,Y,UNKNOWN,17
1154,Aug,1780,USA,Swimming,M,0,Y,UNKNOWN,17
1155,Jul,1751,USA,Swimming,M,0,Y,UNKNOWN,17
1156,UNKNOWN,UNKNOWN,USA,Swimming,M,0,N,UNKNOWN,17
1157,Jul,UNKNOWN,USA,Swimming,M,0,N,UNKNOWN,17
1158,UNKNOWN,UNKNOWN,USA,Swimming,M,0,Y,UNKNOWN,17
1159,Feb,2013,NEW ZEALAND,Swimming,M,46,Y,13,46
1160,UNKNOWN,2010,NEW ZEALAND,Swimming,M,0,N,UNKNOWN,17
1161,Jan,2009,NEW ZEALAND,Swimming,M,49,N,17,49
1162,Dec,1999,NEW ZEALAND,Swimming,F,13,N,UNKNOWN,13
1163,Oct,1972,NEW ZEALAND,Swimming,M,17,N,UNKNOWN,17
1164,Feb,1964,NEW ZEALAND,Swimming,M,19,Y,06,19
1165,Feb,1962,NEW ZEALAND,Swimming,M,15,N,UNKNOWN,15
1166,Jan,1919,NEW ZEALAND,Swimming,F,0,N,UNKNOWN,17
1167,Mar,1912,NEW ZEALAND,Swimming,M,0,N,UNKNOWN,17
1168,Mar,1910,NEW ZEALAND,Swimming,M,0,N,UNKNOWN,17
1169,Feb,1906,NEW ZEALAND,Swimming,M,0,UNKNOWN,UNKNOWN,17
1170,Feb,1904,NEW ZEALAND,Swimming,M,30,Y,UNKNOWN,30
1171,Apr,1895,NEW ZEALAND,Swimming,M,0,N,UNKNOWN,17
1172,UNKNOWN,1890,NEW ZEALAND,Swimming,M,0,Y,UNKNOWN,17
1173,Feb,1887,NEW ZEALAND,Swimming,M,0,Y,UNKNOWN,17
1174,Dec,1862,NEW ZEALAND,Swimming,M,28,N,06,28
1175,Apr,1860,NEW ZEALAND,Swimming,M,0,N,UNKNOWN,17
1176,UNKNOWN,1852,NEW ZEALAND,Swimming,M,0,Y,UNKNOWN,17
1177,Sep,1906,INDONESIA,Swimming,M,0,N,UNKNOWN,17
1178,Sep,1906,INDONESIA,Swimming,M,0,Y,UNKNOWN,17
1179,Mar,1895,INDONESIA,Swimming,M,0,Y,UNKNOWN,17
1180,Oct,1878,INDONESIA,Swimming,M,22,Y,UNKNOWN,22
1181,Dec,2014,SOUTH AFRICA,Swimming,UNKNOWN,0,UNKNOWN,UNKNOWN,17
1182,Mar,2014,SOUTH AFRICA,Swimming,M,66,Y,15,66
1183,Mar,2013,SOUTH AFRICA,Swimming,M,39,N,UNKNOWN,39
1184,Dec,2012,SOUTH AFRICA,Swimming,M,20,Y,UNKNOWN,20
1185,Jan,2012,SOUTH AFRICA,Swimming,M,25,Y,15,25
1186,Sep,2011,SOUTH AFRICA,Swimming,M,43,N,12,43
1187,Sep,2010,SOUTH AFRICA,Swimming,M,29,Y,UNKNOWN,29
1188,Apr,2009,SOUTH AFRICA,Swimming,M,24,UNKNOWN,UNKNOWN,24
1189,Jan,2009,SOUTH AFRICA,Swimming,M,25,Y,14,25
1190,Mar,2006,SOUTH AFRICA,Swimming,M,17,UNKNOWN,UNKNOWN,17
1191,Nov,2004,SOUTH AFRICA,Swimming,F,77,Y,07,77
1192,Feb,1995,SOUTH AFRICA,Swimming,M,22,N,17,22
1193,Jan,1995,SOUTH AFRICA,Swimming,M,14,Y,18,14
1194,Feb,1986,SOUTH AFRICA,Swimming,M,46,N,18,46
1195,Sep,1985,SOUTH AFRICA,Swimming,M,21,UNKNOWN,UNKNOWN,21
1196,Jan,1985,SOUTH AFRICA,Swimming,M,15,N,18,15
1197,Jan,1984,SOUTH AFRICA,Swimming,M,14,N,09,14
1198,Dec,1983,SOUTH AFRICA,Swimming,M,16,N,12,16
1199,Dec,1983,SOUTH AFRICA,Swimming,M,47,N,08,47
1200,Nov,1983,SOUTH AFRICA,Swimming,F,0,UNKNOWN,UNKNOWN,17
1201,Aug,1982,SOUTH AFRICA,Swimming,F,18,N,12,18
1202,Jan,1982,SOUTH AFRICA,Swimming,M,20,N,16,20
1203,Feb,1981,SOUTH AFRICA,Swimming,M,30,N,17,30
1204,Jan,1981,SOUTH AFRICA,Swimming,M,23,UNKNOWN,UNKNOWN,23
1205,Nov,1980,SOUTH AFRICA,Swimming,M,0,UNKNOWN,UNKNOWN,17
1206,Jan,1980,SOUTH AFRICA,Swimming,M,0,N,UNKNOWN,17
1207,Jan,1980,SOUTH AFRICA,Swimming,M,25,N,18,25
1208,Dec,1979,SOUTH AFRICA,Swimming,M,18,N,16,18
1209,Mar,1977,SOUTH AFRICA,Swimming,M,31,N,17,31
1210,Nov,1976,SOUTH AFRICA,Swimming,M,17,UNKNOWN,UNKNOWN,17
1211,Mar,1975,SOUTH AFRICA,Swimming,M,0,UNKNOWN,UNKNOWN,17
1212,Feb,1974,SOUTH AFRICA,Swimming,M,14,N,19,14
1213,Feb,1974,SOUTH AFRICA,Swimming,M,19,N,19,19
1214,Jan,1974,SOUTH AFRICA,Swimming,M,33,N,14,33
1215,Dec,1972,SOUTH AFRICA,Swimming,M,0,N,09,17
1216,Jan,1972,SOUTH AFRICA,Swimming,M,20,Y,UNKNOWN,20
1217,Dec,1971,SOUTH AFRICA,Swimming,F,16,N,14,16
1218,Oct,1971,SOUTH AFRICA,Swimming,M,25,N,UNKNOWN,25
1219,Apr,1971,SOUTH AFRICA,Swimming,M,50,Y,11,50
1220,Dec,1964,SOUTH AFRICA,Swimming,M,19,N,17,19
1221,Jun,1964,SOUTH AFRICA,Swimming,M,40,UNKNOWN,UNKNOWN,40
1222,Dec,1963,SOUTH AFRICA,Swimming,M,18,Y,15,18
1223,Apr,1963,SOUTH AFRICA,Swimming,M,15,N,12,15
1224,Feb,1962,SOUTH AFRICA,Swimming,M,22,Y,09,22
1225,Feb,1961,SOUTH AFRICA,Swimming,M,14,Y,14,14
1226,Jan,1961,SOUTH AFRICA,Swimming,M,15,N,14,15
1227,Dec,1960,SOUTH AFRICA,Swimming,M,25,Y,16,25
1228,Jan,1959,SOUTH AFRICA,Swimming,M,18,N,16,18
1229,Dec,1958,SOUTH AFRICA,Swimming,M,14,Y,UNKNOWN,14
1230,Jan,1958,SOUTH AFRICA,Swimming,M,0,Y,07,17
1231,Dec,1954,SOUTH AFRICA,Swimming,M,16,N,11,16
1232,Dec,1953,SOUTH AFRICA,Swimming,F,0,N,UNKNOWN,17
1233,Dec,1953,SOUTH AFRICA,Swimming,M,23,N,UNKNOWN,23
1234,Nov,1951,SOUTH AFRICA,Swimming,M,23,N,13,23
1235,Jan,1951,SOUTH AFRICA,Swimming,M,19,Y,16,19
1236,Jul,1947,SOUTH AFRICA,Swimming,M,20,N,UNKNOWN,20
1237,Jan,1946,SOUTH AFRICA,Swimming,M,0,N,UNKNOWN,17
1238,Jul,1944,SOUTH AFRICA,Swimming,M,17,Y,16,17
1239,Jan,1944,SOUTH AFRICA,Swimming,M,26,Y,17,26
1240,Mar,1943,SOUTH AFRICA,Swimming,M,31,Y,16,31
1241,Nov,1942,SOUTH AFRICA,Swimming,M,38,N,UNKNOWN,38
1242,Dec,1940,SOUTH AFRICA,Swimming,M,17,Y,10,17
1243,Feb,1940,SOUTH AFRICA,Swimming,M,17,Y,16,17
1244,UNKNOWN,1940,SOUTH AFRICA,Swimming,UNKNOWN,0,UNKNOWN,UNKNOWN,17
1245,UNKNOWN,1938,SOUTH AFRICA,Swimming,M,0,N,UNKNOWN,17
1246,Apr,1934,SOUTH AFRICA,Swimming,M,0,Y,15,17
1247,Jan,1930,SOUTH AFRICA,Swimming,M,23,N,17,23
1248,UNKNOWN,1930,SOUTH AFRICA,Swimming,M,0,Y,UNKNOWN,17
1249,Dec,1927,SOUTH AFRICA,Swimming,M,17,Y,11,17
1250,Jan,1926,SOUTH AFRICA,Swimming,M,0,N,UNKNOWN,17
1251,Jan,1924,SOUTH AFRICA,Swimming,M,22,Y,15,22
1252,Jan,1924,SOUTH AFRICA,Swimming,M,0,N,UNKNOWN,17
1253,May,1922,SOUTH AFRICA,Swimming,M,18,N,UNKNOWN,18
1254,May,1911,SOUTH AFRICA,Swimming,M,0,Y,UNKNOWN,17
1255,Dec,1908,SOUTH AFRICA,Swimming,M,16,Y,UNKNOWN,16
1256,Apr,1905,SOUTH AFRICA,Swimming,M,26,Y,16,26
1257,Apr,1902,SOUTH AFRICA,Swimming,M,0,UNKNOWN,UNKNOWN,17
1258,Jul,1901,SOUTH AFRICA,Swimming,M,29,Y,14,29
1259,Nov,1900,SOUTH AFRICA,Swimming,M,30,Y,UNKNOWN,30
1260,Oct,1900,SOUTH AFRICA,Swimming,M,0,UNKNOWN,UNKNOWN,17
1261,UNKNOWN,1900,SOUTH AFRICA,Swimming,M,0,N,UNKNOWN,17
1262,Jan,1887,SOUTH AFRICA,Swimming,M,13,Y,12,13
1263,Jan,1886,SOUTH AFRICA,Swimming,M,0,Y,UNKNOWN,17
1264,Jan,1884,SOUTH AFRICA,Swimming,M,0,Y,UNKNOWN,17
1265,UNKNOWN,UNKNOWN,SOUTH AFRICA,Swimming,M,0,Y,UNKNOWN,17
